age_group,total_users,active_users,inactive_users,avg_sub_time_for_active_users
10-19,775,390,385,2.8598606504150657
20-29,5780,2858,2922,2.914467069872194
30-39,5786,2890,2896,2.9035570744785413
40-49,5791,2925,2866,2.92679057196511
50-59,5755,2864,2891,2.9220372133573473
60-69,5799,2907,2892,2.943534299774883
70-79,5834,2933,2901,2.885328811632272
80-89,5696,2862,2834,2.884244491414561
90-99,979,503,476,2.895002333704821
