subscription_status,total_users,avg_age,avg_subscription_time
False,21063,54.528177372643974,0.0
True,21132,54.689522998296425,2.910096867731309
